datetime,open,high,low,close,symbol
2025-06-16 16:01:00,116.872,116.872,116.872,116.872,EUR/RSD
2025-06-16 16:01:01,116.872,116.872,116.872,116.872,EUR/RSD
2025-06-16 16:01:02,116.872,116.872,116.872,116.872,EUR/RSD
2025-06-16 16:01:03,116.872,116.872,116.872,116.872,EUR/RSD
2025-06-16 16:01:04,116.872,116.872,116.872,116.872,EUR/RSD
2025-06-16 16:01:05,116.872,116.872,116.872,116.872,EUR/RSD
2025-06-16 16:01:06,116.872,116.872,116.872,116.872,EUR/RSD
2025-06-16 16:01:07,116.872,116.872,116.872,116.872,EUR/RSD
2025-06-16 16:01:08,116.872,116.872,116.872,116.872,EUR/RSD
2025-06-16 16:01:09,116.872,116.872,116.872,116.872,EUR/RSD
2025-06-16 16:01:10,116.872,116.872,116.872,116.872,EUR/RSD
2025-06-16 16:01:11,116.872,116.872,116.872,116.872,EUR/RSD
2025-06-16 16:01:12,116.872,116.872,116.872,116.872,EUR/RSD
2025-06-16 16:01:13,116.872,116.872,116.872,116.872,EUR/RSD
2025-06-16 16:01:14,116.872,116.872,116.872,116.872,EUR/RSD
2025-06-16 16:01:15,116.872,116.872,116.872,116.872,EUR/RSD
2025-06-16 16:01:16,116.872,116.872,116.872,116.872,EUR/RSD
2025-06-16 16:01:17,116.872,116.872,116.872,116.872,EUR/RSD
2025-06-16 16:01:18,116.872,116.872,116.872,116.872,EUR/RSD
2025-06-16 16:01:19,116.872,116.872,116.872,116.872,EUR/RSD
2025-06-16 16:01:20,116.872,116.872,116.872,116.872,EUR/RSD
2025-06-16 16:01:21,116.872,116.872,116.872,116.872,EUR/RSD
2025-06-16 16:01:22,116.872,116.872,116.872,116.872,EUR/RSD
2025-06-16 16:01:23,116.872,116.872,116.872,116.872,EUR/RSD
2025-06-16 16:01:24,116.872,116.872,116.872,116.872,EUR/RSD
2025-06-16 16:01:25,116.872,116.872,116.872,116.872,EUR/RSD
2025-06-16 16:01:26,116.872,116.872,116.872,116.872,EUR/RSD
2025-06-16 16:01:27,116.872,116.872,116.872,116.872,EUR/RSD
2025-06-16 16:01:28,116.872,116.872,116.872,116.872,EUR/RSD
2025-06-16 16:01:29,116.872,116.872,116.872,116.872,EUR/RSD
2025-06-16 16:01:30,116.872,116.872,116.872,116.872,EUR/RSD
2025-06-16 16:01:31,116.872,116.872,116.872,116.872,EUR/RSD
2025-06-16 16:01:32,116.872,116.872,116.872,116.872,EUR/RSD
2025-06-16 16:01:33,116.872,116.872,116.872,116.872,EUR/RSD
2025-06-16 16:01:34,116.872,116.872,116.872,116.872,EUR/RSD
2025-06-16 16:01:35,116.872,116.872,116.872,116.872,EUR/RSD
2025-06-16 16:01:36,116.872,116.872,116.872,116.872,EUR/RSD
2025-06-16 16:01:37,116.872,116.872,116.872,116.872,EUR/RSD
2025-06-16 16:01:38,116.872,116.872,116.872,116.872,EUR/RSD
2025-06-16 16:01:39,116.872,116.872,116.872,116.872,EUR/RSD
2025-06-16 16:01:40,116.872,116.872,116.872,116.872,EUR/RSD
2025-06-16 16:01:41,116.872,116.872,116.872,116.872,EUR/RSD
2025-06-16 16:01:42,116.872,116.872,116.872,116.872,EUR/RSD
2025-06-16 16:01:43,116.872,116.872,116.872,116.872,EUR/RSD
2025-06-16 16:01:44,116.872,116.872,116.872,116.872,EUR/RSD
2025-06-16 16:01:45,116.872,116.872,116.872,116.872,EUR/RSD
2025-06-16 16:01:46,116.872,116.872,116.872,116.872,EUR/RSD
2025-06-16 16:01:47,116.872,116.872,116.872,116.872,EUR/RSD
2025-06-16 16:01:48,116.872,116.872,116.872,116.872,EUR/RSD
2025-06-16 16:01:49,116.872,116.872,116.872,116.872,EUR/RSD
2025-06-16 16:01:50,116.872,116.872,116.872,116.872,EUR/RSD
2025-06-16 16:01:51,116.872,116.872,116.872,116.872,EUR/RSD
2025-06-16 16:01:52,116.872,116.872,116.872,116.872,EUR/RSD
2025-06-16 16:01:53,116.872,116.872,116.872,116.872,EUR/RSD
2025-06-16 16:01:54,116.872,116.872,116.872,116.872,EUR/RSD
2025-06-16 16:01:55,116.872,116.872,116.872,116.872,EUR/RSD
2025-06-16 16:01:56,116.872,116.872,116.872,116.872,EUR/RSD
2025-06-16 16:01:57,116.872,116.872,116.872,116.872,EUR/RSD
2025-06-16 16:01:58,116.872,116.872,116.872,116.872,EUR/RSD
2025-06-16 16:01:59,116.872,116.872,116.872,116.872,EUR/RSD
2025-06-16 16:02:00,117.012604,117.012604,117.012604,117.012604,EUR/RSD
2025-06-16 16:02:01,117.0126,117.0126,117.0126,117.0126,EUR/RSD
2025-06-16 16:02:02,117.0126,117.0126,117.0126,117.0126,EUR/RSD
2025-06-16 16:02:03,117.0126,117.0126,117.0126,117.0126,EUR/RSD
2025-06-16 16:02:04,117.0126,117.0126,117.0126,117.0126,EUR/RSD
2025-06-16 16:02:05,117.0126,117.0126,117.0126,117.0126,EUR/RSD
2025-06-16 16:02:06,117.0126,117.0126,117.0126,117.0126,EUR/RSD
2025-06-16 16:02:07,117.0126,117.0126,117.0126,117.0126,EUR/RSD
2025-06-16 16:02:08,117.0126,117.0126,117.0126,117.0126,EUR/RSD
2025-06-16 16:02:09,117.0126,117.0126,117.0126,117.0126,EUR/RSD
2025-06-16 16:02:10,117.0126,117.0126,117.0126,117.0126,EUR/RSD
2025-06-16 16:02:11,117.0126,117.0126,117.0126,117.0126,EUR/RSD
2025-06-16 16:02:12,117.0126,117.0126,117.0126,117.0126,EUR/RSD
2025-06-16 16:02:13,117.0126,117.0126,117.0126,117.0126,EUR/RSD
2025-06-16 16:02:14,117.0126,117.0126,117.0126,117.0126,EUR/RSD
2025-06-16 16:02:15,117.0126,117.0126,117.0126,117.0126,EUR/RSD
2025-06-16 16:02:16,117.0126,117.0126,117.0126,117.0126,EUR/RSD
2025-06-16 16:02:17,117.0126,117.0126,117.0126,117.0126,EUR/RSD
2025-06-16 16:02:18,117.0126,117.0126,117.0126,117.0126,EUR/RSD
2025-06-16 16:02:19,117.0126,117.0126,117.0126,117.0126,EUR/RSD
2025-06-16 16:02:20,117.0126,117.0126,117.0126,117.0126,EUR/RSD
2025-06-16 16:02:21,117.0126,117.0126,117.0126,117.0126,EUR/RSD
2025-06-16 16:02:22,117.0126,117.0126,117.0126,117.0126,EUR/RSD
2025-06-16 16:02:23,117.0126,117.0126,117.0126,117.0126,EUR/RSD
2025-06-16 16:02:24,117.0126,117.0126,117.0126,117.0126,EUR/RSD
2025-06-16 16:02:25,117.0126,117.0126,117.0126,117.0126,EUR/RSD
2025-06-16 16:02:26,117.0126,117.0126,117.0126,117.0126,EUR/RSD
2025-06-16 16:02:27,117.0126,117.0126,117.0126,117.0126,EUR/RSD
2025-06-16 16:02:28,117.0126,117.0126,117.0126,117.0126,EUR/RSD
2025-06-16 16:02:29,117.0126,117.0126,117.0126,117.0126,EUR/RSD
2025-06-16 16:02:30,117.0126,117.0126,117.0126,117.0126,EUR/RSD
2025-06-16 16:02:31,117.0126,117.0126,117.0126,117.0126,EUR/RSD
2025-06-16 16:02:32,117.0126,117.0126,117.0126,117.0126,EUR/RSD
2025-06-16 16:02:33,117.0126,117.0126,117.0126,117.0126,EUR/RSD
2025-06-16 16:02:34,117.0126,117.0126,117.0126,117.0126,EUR/RSD
2025-06-16 16:02:35,117.0126,117.0126,117.0126,117.0126,EUR/RSD
2025-06-16 16:02:36,117.0126,117.0126,117.0126,117.0126,EUR/RSD
2025-06-16 16:02:37,117.0126,117.0126,117.0126,117.0126,EUR/RSD
2025-06-16 16:02:38,117.0126,117.0126,117.0126,117.0126,EUR/RSD
2025-06-16 16:02:39,117.0126,117.0126,117.0126,117.0126,EUR/RSD
2025-06-16 16:02:40,117.0126,117.0126,117.0126,117.0126,EUR/RSD
2025-06-16 16:02:41,117.0126,117.0126,117.0126,117.0126,EUR/RSD
2025-06-16 16:02:42,117.0126,117.0126,117.0126,117.0126,EUR/RSD
2025-06-16 16:02:43,117.0126,117.0126,117.0126,117.0126,EUR/RSD
2025-06-16 16:02:44,117.0126,117.0126,117.0126,117.0126,EUR/RSD
2025-06-16 16:02:45,117.0126,117.0126,117.0126,117.0126,EUR/RSD
2025-06-16 16:02:46,117.0126,117.0126,117.0126,117.0126,EUR/RSD
2025-06-16 16:02:47,117.0126,117.0126,117.0126,117.0126,EUR/RSD
2025-06-16 16:02:48,117.0126,117.0126,117.0126,117.0126,EUR/RSD
2025-06-16 16:02:49,117.0126,117.0126,117.0126,117.0126,EUR/RSD
2025-06-16 16:02:50,117.0126,117.0126,117.0126,117.0126,EUR/RSD
2025-06-16 16:02:51,117.0126,117.0126,117.0126,117.0126,EUR/RSD
2025-06-16 16:02:52,117.0126,117.0126,117.0126,117.0126,EUR/RSD
2025-06-16 16:02:53,117.0126,117.0126,117.0126,117.0126,EUR/RSD
2025-06-16 16:02:54,117.0126,117.0126,117.0126,117.0126,EUR/RSD
2025-06-16 16:02:55,117.0126,117.0126,117.0126,117.0126,EUR/RSD
2025-06-16 16:02:56,117.0126,117.0126,117.0126,117.0126,EUR/RSD
2025-06-16 16:02:57,117.0126,117.0126,117.0126,117.0126,EUR/RSD
2025-06-16 16:02:58,117.0126,117.0126,117.0126,117.0126,EUR/RSD
2025-06-16 16:02:59,117.0126,117.0126,117.0126,117.0126,EUR/RSD
2025-06-16 16:07:00,117.057297,117.057297,117.057297,117.057297,EUR/RSD
2025-06-16 16:07:01,117.0573,117.0573,117.0573,117.0573,EUR/RSD
2025-06-16 16:07:02,117.0573,117.0573,117.0573,117.0573,EUR/RSD
2025-06-16 16:07:03,117.0573,117.0573,117.0573,117.0573,EUR/RSD
2025-06-16 16:07:04,117.0573,117.0573,117.0573,117.0573,EUR/RSD
2025-06-16 16:07:05,117.0573,117.0573,117.0573,117.0573,EUR/RSD
2025-06-16 16:07:06,117.0573,117.0573,117.0573,117.0573,EUR/RSD
2025-06-16 16:07:07,117.0573,117.0573,117.0573,117.0573,EUR/RSD
2025-06-16 16:07:08,117.0573,117.0573,117.0573,117.0573,EUR/RSD
2025-06-16 16:07:09,117.0573,117.0573,117.0573,117.0573,EUR/RSD
2025-06-16 16:07:10,117.0573,117.0573,117.0573,117.0573,EUR/RSD
2025-06-16 16:07:11,117.0573,117.0573,117.0573,117.0573,EUR/RSD
2025-06-16 16:07:12,117.0573,117.0573,117.0573,117.0573,EUR/RSD
2025-06-16 16:07:13,117.0573,117.0573,117.0573,117.0573,EUR/RSD
2025-06-16 16:07:14,117.0573,117.0573,117.0573,117.0573,EUR/RSD
2025-06-16 16:07:15,117.0573,117.0573,117.0573,117.0573,EUR/RSD
2025-06-16 16:07:16,117.0573,117.0573,117.0573,117.0573,EUR/RSD
2025-06-16 16:07:17,117.0573,117.0573,117.0573,117.0573,EUR/RSD
2025-06-16 16:07:18,117.0573,117.0573,117.0573,117.0573,EUR/RSD
2025-06-16 16:07:19,117.0573,117.0573,117.0573,117.0573,EUR/RSD
2025-06-16 16:07:20,117.0573,117.0573,117.0573,117.0573,EUR/RSD
2025-06-16 16:07:21,117.0573,117.0573,117.0573,117.0573,EUR/RSD
2025-06-16 16:07:22,117.0573,117.0573,117.0573,117.0573,EUR/RSD
2025-06-16 16:07:23,117.0573,117.0573,117.0573,117.0573,EUR/RSD
2025-06-16 16:07:24,117.0573,117.0573,117.0573,117.0573,EUR/RSD
2025-06-16 16:07:25,117.0573,117.0573,117.0573,117.0573,EUR/RSD
2025-06-16 16:07:26,117.0573,117.0573,117.0573,117.0573,EUR/RSD
2025-06-16 16:07:27,117.0573,117.0573,117.0573,117.0573,EUR/RSD
2025-06-16 16:07:28,117.0573,117.0573,117.0573,117.0573,EUR/RSD
2025-06-16 16:07:29,117.0573,117.0573,117.0573,117.0573,EUR/RSD
2025-06-16 16:07:30,117.0573,117.0573,117.0573,117.0573,EUR/RSD
2025-06-16 16:07:31,117.0573,117.0573,117.0573,117.0573,EUR/RSD
2025-06-16 16:07:32,117.0573,117.0573,117.0573,117.0573,EUR/RSD
2025-06-16 16:07:33,117.0573,117.0573,117.0573,117.0573,EUR/RSD
2025-06-16 16:07:34,117.0573,117.0573,117.0573,117.0573,EUR/RSD
2025-06-16 16:07:35,117.0573,117.0573,117.0573,117.0573,EUR/RSD
2025-06-16 16:07:36,117.0573,117.0573,117.0573,117.0573,EUR/RSD
2025-06-16 16:07:37,117.0573,117.0573,117.0573,117.0573,EUR/RSD
2025-06-16 16:07:38,117.0573,117.0573,117.0573,117.0573,EUR/RSD
2025-06-16 16:07:39,117.0573,117.0573,117.0573,117.0573,EUR/RSD
2025-06-16 16:07:40,117.0573,117.0573,117.0573,117.0573,EUR/RSD
2025-06-16 16:07:41,117.0573,117.0573,117.0573,117.0573,EUR/RSD
2025-06-16 16:07:42,117.0573,117.0573,117.0573,117.0573,EUR/RSD
2025-06-16 16:07:43,117.0573,117.0573,117.0573,117.0573,EUR/RSD
2025-06-16 16:07:44,117.0573,117.0573,117.0573,117.0573,EUR/RSD
2025-06-16 16:07:45,117.0573,117.0573,117.0573,117.0573,EUR/RSD
2025-06-16 16:07:46,117.0573,117.0573,117.0573,117.0573,EUR/RSD
2025-06-16 16:07:47,117.0573,117.0573,117.0573,117.0573,EUR/RSD
2025-06-16 16:07:48,117.0573,117.0573,117.0573,117.0573,EUR/RSD
2025-06-16 16:07:49,117.0573,117.0573,117.0573,117.0573,EUR/RSD
2025-06-16 16:07:50,117.0573,117.0573,117.0573,117.0573,EUR/RSD
2025-06-16 16:07:51,117.0573,117.0573,117.0573,117.0573,EUR/RSD
2025-06-16 16:07:52,117.0573,117.0573,117.0573,117.0573,EUR/RSD
2025-06-16 16:07:53,117.0573,117.0573,117.0573,117.0573,EUR/RSD
2025-06-16 16:07:54,117.0573,117.0573,117.0573,117.0573,EUR/RSD
2025-06-16 16:07:55,117.0573,117.0573,117.0573,117.0573,EUR/RSD
2025-06-16 16:07:56,117.0573,117.0573,117.0573,117.0573,EUR/RSD
2025-06-16 16:07:57,117.0573,117.0573,117.0573,117.0573,EUR/RSD
2025-06-16 16:07:58,117.0573,117.0573,117.0573,117.0573,EUR/RSD
2025-06-16 16:07:59,117.0573,117.0573,117.0573,117.0573,EUR/RSD
2025-06-16 16:12:00,116.9644,116.9644,116.9644,116.9644,EUR/RSD
2025-06-16 16:12:01,116.9644,116.9644,116.9644,116.9644,EUR/RSD
2025-06-16 16:12:02,116.9644,116.9644,116.9644,116.9644,EUR/RSD
2025-06-16 16:12:03,116.9644,116.9644,116.9644,116.9644,EUR/RSD
2025-06-16 16:12:04,116.9644,116.9644,116.9644,116.9644,EUR/RSD
2025-06-16 16:12:05,116.9644,116.9644,116.9644,116.9644,EUR/RSD
2025-06-16 16:12:06,116.9644,116.9644,116.9644,116.9644,EUR/RSD
2025-06-16 16:12:07,116.9644,116.9644,116.9644,116.9644,EUR/RSD
2025-06-16 16:12:08,116.9644,116.9644,116.9644,116.9644,EUR/RSD
2025-06-16 16:12:09,116.9644,116.9644,116.9644,116.9644,EUR/RSD
2025-06-16 16:12:10,116.9644,116.9644,116.9644,116.9644,EUR/RSD
2025-06-16 16:12:11,116.9644,116.9644,116.9644,116.9644,EUR/RSD
2025-06-16 16:12:12,116.9644,116.9644,116.9644,116.9644,EUR/RSD
2025-06-16 16:12:13,116.9644,116.9644,116.9644,116.9644,EUR/RSD
2025-06-16 16:12:14,116.9644,116.9644,116.9644,116.9644,EUR/RSD
2025-06-16 16:12:15,116.9644,116.9644,116.9644,116.9644,EUR/RSD
2025-06-16 16:12:16,116.9644,116.9644,116.9644,116.9644,EUR/RSD
2025-06-16 16:12:17,116.9644,116.9644,116.9644,116.9644,EUR/RSD
2025-06-16 16:12:18,116.9644,116.9644,116.9644,116.9644,EUR/RSD
2025-06-16 16:12:19,116.9644,116.9644,116.9644,116.9644,EUR/RSD
2025-06-16 16:12:20,116.9644,116.9644,116.9644,116.9644,EUR/RSD
2025-06-16 16:12:21,116.9644,116.9644,116.9644,116.9644,EUR/RSD
2025-06-16 16:12:22,116.9644,116.9644,116.9644,116.9644,EUR/RSD
2025-06-16 16:12:23,116.9644,116.9644,116.9644,116.9644,EUR/RSD
2025-06-16 16:12:24,116.9644,116.9644,116.9644,116.9644,EUR/RSD
2025-06-16 16:12:25,116.9644,116.9644,116.9644,116.9644,EUR/RSD
2025-06-16 16:12:26,116.9644,116.9644,116.9644,116.9644,EUR/RSD
2025-06-16 16:12:27,116.9644,116.9644,116.9644,116.9644,EUR/RSD
2025-06-16 16:12:28,116.9644,116.9644,116.9644,116.9644,EUR/RSD
2025-06-16 16:12:29,116.9644,116.9644,116.9644,116.9644,EUR/RSD
2025-06-16 16:12:30,116.9644,116.9644,116.9644,116.9644,EUR/RSD
2025-06-16 16:12:31,116.9644,116.9644,116.9644,116.9644,EUR/RSD
2025-06-16 16:12:32,116.9644,116.9644,116.9644,116.9644,EUR/RSD
2025-06-16 16:12:33,116.9644,116.9644,116.9644,116.9644,EUR/RSD
2025-06-16 16:12:34,116.9644,116.9644,116.9644,116.9644,EUR/RSD
2025-06-16 16:12:35,116.9644,116.9644,116.9644,116.9644,EUR/RSD
2025-06-16 16:12:36,116.9644,116.9644,116.9644,116.9644,EUR/RSD
2025-06-16 16:12:37,116.9644,116.9644,116.9644,116.9644,EUR/RSD
2025-06-16 16:12:38,116.9644,116.9644,116.9644,116.9644,EUR/RSD
2025-06-16 16:12:39,116.9644,116.9644,116.9644,116.9644,EUR/RSD
2025-06-16 16:12:40,116.9644,116.9644,116.9644,116.9644,EUR/RSD
2025-06-16 16:12:41,116.9644,116.9644,116.9644,116.9644,EUR/RSD
2025-06-16 16:12:42,116.9644,116.9644,116.9644,116.9644,EUR/RSD
2025-06-16 16:12:43,116.9644,116.9644,116.9644,116.9644,EUR/RSD
2025-06-16 16:12:44,116.9644,116.9644,116.9644,116.9644,EUR/RSD
2025-06-16 16:12:45,116.9644,116.9644,116.9644,116.9644,EUR/RSD
2025-06-16 16:12:46,116.9644,116.9644,116.9644,116.9644,EUR/RSD
2025-06-16 16:12:47,116.9644,116.9644,116.9644,116.9644,EUR/RSD
2025-06-16 16:12:48,116.9644,116.9644,116.9644,116.9644,EUR/RSD
2025-06-16 16:12:49,116.9644,116.9644,116.9644,116.9644,EUR/RSD
2025-06-16 16:12:50,116.9644,116.9644,116.9644,116.9644,EUR/RSD
2025-06-16 16:12:51,116.9644,116.9644,116.9644,116.9644,EUR/RSD
2025-06-16 16:12:52,116.9644,116.9644,116.9644,116.9644,EUR/RSD
2025-06-16 16:12:53,116.9644,116.9644,116.9644,116.9644,EUR/RSD
2025-06-16 16:12:54,116.9644,116.9644,116.9644,116.9644,EUR/RSD
2025-06-16 16:12:55,116.9644,116.9644,116.9644,116.9644,EUR/RSD
2025-06-16 16:12:56,116.9644,116.9644,116.9644,116.9644,EUR/RSD
2025-06-16 16:12:57,116.9644,116.9644,116.9644,116.9644,EUR/RSD
2025-06-16 16:12:58,116.9644,116.9644,116.9644,116.9644,EUR/RSD
2025-06-16 16:12:59,116.9644,116.9644,116.9644,116.9644,EUR/RSD
2025-06-16 16:17:00,116.9786,116.9786,116.9786,116.9786,EUR/RSD
2025-06-16 16:17:01,116.9786,116.9786,116.9786,116.9786,EUR/RSD
2025-06-16 16:17:02,116.9786,116.9786,116.9786,116.9786,EUR/RSD
2025-06-16 16:17:03,116.9786,116.9786,116.9786,116.9786,EUR/RSD
2025-06-16 16:17:04,116.9786,116.9786,116.9786,116.9786,EUR/RSD
2025-06-16 16:17:05,116.9786,116.9786,116.9786,116.9786,EUR/RSD
2025-06-16 16:17:06,116.9786,116.9786,116.9786,116.9786,EUR/RSD
2025-06-16 16:17:07,116.9786,116.9786,116.9786,116.9786,EUR/RSD
2025-06-16 16:17:08,116.9786,116.9786,116.9786,116.9786,EUR/RSD
2025-06-16 16:17:09,116.9786,116.9786,116.9786,116.9786,EUR/RSD
2025-06-16 16:17:10,116.9786,116.9786,116.9786,116.9786,EUR/RSD
2025-06-16 16:17:11,116.9786,116.9786,116.9786,116.9786,EUR/RSD
2025-06-16 16:17:12,116.9786,116.9786,116.9786,116.9786,EUR/RSD
2025-06-16 16:17:13,116.9786,116.9786,116.9786,116.9786,EUR/RSD
2025-06-16 16:17:14,116.9786,116.9786,116.9786,116.9786,EUR/RSD
2025-06-16 16:17:15,116.9786,116.9786,116.9786,116.9786,EUR/RSD
2025-06-16 16:17:16,116.9786,116.9786,116.9786,116.9786,EUR/RSD
2025-06-16 16:17:17,116.9786,116.9786,116.9786,116.9786,EUR/RSD
2025-06-16 16:17:18,116.9786,116.9786,116.9786,116.9786,EUR/RSD
2025-06-16 16:17:19,116.9786,116.9786,116.9786,116.9786,EUR/RSD
2025-06-16 16:17:20,116.9786,116.9786,116.9786,116.9786,EUR/RSD
2025-06-16 16:17:21,116.9786,116.9786,116.9786,116.9786,EUR/RSD
2025-06-16 16:17:22,116.9786,116.9786,116.9786,116.9786,EUR/RSD
2025-06-16 16:17:23,116.9786,116.9786,116.9786,116.9786,EUR/RSD
2025-06-16 16:17:24,116.9786,116.9786,116.9786,116.9786,EUR/RSD
2025-06-16 16:17:25,116.9786,116.9786,116.9786,116.9786,EUR/RSD
2025-06-16 16:17:26,116.9786,116.9786,116.9786,116.9786,EUR/RSD
2025-06-16 16:17:27,116.9786,116.9786,116.9786,116.9786,EUR/RSD
2025-06-16 16:17:28,116.9786,116.9786,116.9786,116.9786,EUR/RSD
2025-06-16 16:17:29,116.9786,116.9786,116.9786,116.9786,EUR/RSD
2025-06-16 16:17:30,116.9786,116.9786,116.9786,116.9786,EUR/RSD
2025-06-16 16:17:31,116.9786,116.9786,116.9786,116.9786,EUR/RSD
2025-06-16 16:17:32,116.9786,116.9786,116.9786,116.9786,EUR/RSD
2025-06-16 16:17:33,116.9786,116.9786,116.9786,116.9786,EUR/RSD
2025-06-16 16:17:34,116.9786,116.9786,116.9786,116.9786,EUR/RSD
2025-06-16 16:17:35,116.9786,116.9786,116.9786,116.9786,EUR/RSD
2025-06-16 16:17:36,116.9786,116.9786,116.9786,116.9786,EUR/RSD
2025-06-16 16:17:37,116.9786,116.9786,116.9786,116.9786,EUR/RSD
2025-06-16 16:17:38,116.9786,116.9786,116.9786,116.9786,EUR/RSD
2025-06-16 16:17:39,116.9786,116.9786,116.9786,116.9786,EUR/RSD
2025-06-16 16:17:40,116.9786,116.9786,116.9786,116.9786,EUR/RSD
2025-06-16 16:17:41,116.9786,116.9786,116.9786,116.9786,EUR/RSD
2025-06-16 16:17:42,116.9786,116.9786,116.9786,116.9786,EUR/RSD
2025-06-16 16:17:43,116.9786,116.9786,116.9786,116.9786,EUR/RSD
2025-06-16 16:17:44,116.9786,116.9786,116.9786,116.9786,EUR/RSD
2025-06-16 16:17:45,116.9786,116.9786,116.9786,116.9786,EUR/RSD
2025-06-16 16:17:46,116.9786,116.9786,116.9786,116.9786,EUR/RSD
2025-06-16 16:17:47,116.9786,116.9786,116.9786,116.9786,EUR/RSD
2025-06-16 16:17:48,116.9786,116.9786,116.9786,116.9786,EUR/RSD
2025-06-16 16:17:49,116.9786,116.9786,116.9786,116.9786,EUR/RSD
2025-06-16 16:17:50,116.9786,116.9786,116.9786,116.9786,EUR/RSD
2025-06-16 16:17:51,116.9786,116.9786,116.9786,116.9786,EUR/RSD
2025-06-16 16:17:52,116.9786,116.9786,116.9786,116.9786,EUR/RSD
2025-06-16 16:17:53,116.9786,116.9786,116.9786,116.9786,EUR/RSD
2025-06-16 16:17:54,116.9786,116.9786,116.9786,116.9786,EUR/RSD
2025-06-16 16:17:55,116.9786,116.9786,116.9786,116.9786,EUR/RSD
2025-06-16 16:17:56,116.9786,116.9786,116.9786,116.9786,EUR/RSD
2025-06-16 16:17:57,116.9786,116.9786,116.9786,116.9786,EUR/RSD
2025-06-16 16:17:58,116.9786,116.9786,116.9786,116.9786,EUR/RSD
2025-06-16 16:17:59,116.9786,116.9786,116.9786,116.9786,EUR/RSD
2025-06-16 16:22:00,116.9654,116.9654,116.9654,116.9654,EUR/RSD
2025-06-16 16:22:01,116.9654,116.9654,116.9654,116.9654,EUR/RSD
2025-06-16 16:22:02,116.9654,116.9654,116.9654,116.9654,EUR/RSD
2025-06-16 16:22:03,116.9654,116.9654,116.9654,116.9654,EUR/RSD
2025-06-16 16:22:04,116.9654,116.9654,116.9654,116.9654,EUR/RSD
2025-06-16 16:22:05,116.9654,116.9654,116.9654,116.9654,EUR/RSD
2025-06-16 16:22:06,116.9654,116.9654,116.9654,116.9654,EUR/RSD
2025-06-16 16:22:07,116.9654,116.9654,116.9654,116.9654,EUR/RSD
2025-06-16 16:22:08,116.9654,116.9654,116.9654,116.9654,EUR/RSD
2025-06-16 16:22:09,116.9654,116.9654,116.9654,116.9654,EUR/RSD
2025-06-16 16:22:10,116.9654,116.9654,116.9654,116.9654,EUR/RSD
2025-06-16 16:22:11,116.9654,116.9654,116.9654,116.9654,EUR/RSD
2025-06-16 16:22:12,116.9654,116.9654,116.9654,116.9654,EUR/RSD
2025-06-16 16:22:13,116.9654,116.9654,116.9654,116.9654,EUR/RSD
2025-06-16 16:22:14,116.9654,116.9654,116.9654,116.9654,EUR/RSD
2025-06-16 16:22:15,116.9654,116.9654,116.9654,116.9654,EUR/RSD
2025-06-16 16:22:16,116.9654,116.9654,116.9654,116.9654,EUR/RSD
2025-06-16 16:22:17,116.9654,116.9654,116.9654,116.9654,EUR/RSD
2025-06-16 16:22:18,116.9654,116.9654,116.9654,116.9654,EUR/RSD
2025-06-16 16:22:19,116.9654,116.9654,116.9654,116.9654,EUR/RSD
2025-06-16 16:22:20,116.9654,116.9654,116.9654,116.9654,EUR/RSD
2025-06-16 16:22:21,116.9654,116.9654,116.9654,116.9654,EUR/RSD
2025-06-16 16:22:22,116.9654,116.9654,116.9654,116.9654,EUR/RSD
2025-06-16 16:22:23,116.9654,116.9654,116.9654,116.9654,EUR/RSD
2025-06-16 16:22:24,116.9654,116.9654,116.9654,116.9654,EUR/RSD
2025-06-16 16:22:25,116.9654,116.9654,116.9654,116.9654,EUR/RSD
2025-06-16 16:22:26,116.9654,116.9654,116.9654,116.9654,EUR/RSD
2025-06-16 16:22:27,116.9654,116.9654,116.9654,116.9654,EUR/RSD
2025-06-16 16:22:28,116.9654,116.9654,116.9654,116.9654,EUR/RSD
2025-06-16 16:22:29,116.9654,116.9654,116.9654,116.9654,EUR/RSD
2025-06-16 16:22:30,116.9654,116.9654,116.9654,116.9654,EUR/RSD
2025-06-16 16:22:31,116.9654,116.9654,116.9654,116.9654,EUR/RSD
2025-06-16 16:22:32,116.9654,116.9654,116.9654,116.9654,EUR/RSD
2025-06-16 16:22:33,116.9654,116.9654,116.9654,116.9654,EUR/RSD
2025-06-16 16:22:34,116.9654,116.9654,116.9654,116.9654,EUR/RSD
2025-06-16 16:22:35,116.9654,116.9654,116.9654,116.9654,EUR/RSD
2025-06-16 16:22:36,116.9654,116.9654,116.9654,116.9654,EUR/RSD
2025-06-16 16:22:37,116.9654,116.9654,116.9654,116.9654,EUR/RSD
2025-06-16 16:22:38,116.9654,116.9654,116.9654,116.9654,EUR/RSD
2025-06-16 16:22:39,116.9654,116.9654,116.9654,116.9654,EUR/RSD
2025-06-16 16:22:40,116.9654,116.9654,116.9654,116.9654,EUR/RSD
2025-06-16 16:22:41,116.9654,116.9654,116.9654,116.9654,EUR/RSD
2025-06-16 16:22:42,116.9654,116.9654,116.9654,116.9654,EUR/RSD
2025-06-16 16:22:43,116.9654,116.9654,116.9654,116.9654,EUR/RSD
2025-06-16 16:22:44,116.9654,116.9654,116.9654,116.9654,EUR/RSD
2025-06-16 16:22:45,116.9654,116.9654,116.9654,116.9654,EUR/RSD
2025-06-16 16:22:46,116.9654,116.9654,116.9654,116.9654,EUR/RSD
2025-06-16 16:22:47,116.9654,116.9654,116.9654,116.9654,EUR/RSD
2025-06-16 16:22:48,116.9654,116.9654,116.9654,116.9654,EUR/RSD
2025-06-16 16:22:49,116.9654,116.9654,116.9654,116.9654,EUR/RSD
2025-06-16 16:22:50,116.9654,116.9654,116.9654,116.9654,EUR/RSD
2025-06-16 16:22:51,116.9654,116.9654,116.9654,116.9654,EUR/RSD
2025-06-16 16:22:52,116.9654,116.9654,116.9654,116.9654,EUR/RSD
2025-06-16 16:22:53,116.9654,116.9654,116.9654,116.9654,EUR/RSD
2025-06-16 16:22:54,116.9654,116.9654,116.9654,116.9654,EUR/RSD
2025-06-16 16:22:55,116.9654,116.9654,116.9654,116.9654,EUR/RSD
2025-06-16 16:22:56,116.9654,116.9654,116.9654,116.9654,EUR/RSD
2025-06-16 16:22:57,116.9654,116.9654,116.9654,116.9654,EUR/RSD
2025-06-16 16:22:58,116.9654,116.9654,116.9654,116.9654,EUR/RSD
2025-06-16 16:22:59,116.9654,116.9654,116.9654,116.9654,EUR/RSD
2025-06-16 16:27:00,116.8826,116.8826,116.8826,116.8826,EUR/RSD
2025-06-16 16:27:01,116.8826,116.8826,116.8826,116.8826,EUR/RSD
2025-06-16 16:27:02,116.8826,116.8826,116.8826,116.8826,EUR/RSD
2025-06-16 16:27:03,116.8826,116.8826,116.8826,116.8826,EUR/RSD
2025-06-16 16:27:04,116.8826,116.8826,116.8826,116.8826,EUR/RSD
2025-06-16 16:27:05,116.8826,116.8826,116.8826,116.8826,EUR/RSD
2025-06-16 16:27:06,116.8826,116.8826,116.8826,116.8826,EUR/RSD
2025-06-16 16:27:07,116.8826,116.8826,116.8826,116.8826,EUR/RSD
2025-06-16 16:27:08,116.8826,116.8826,116.8826,116.8826,EUR/RSD
2025-06-16 16:27:09,116.8826,116.8826,116.8826,116.8826,EUR/RSD
2025-06-16 16:27:10,116.8826,116.8826,116.8826,116.8826,EUR/RSD
2025-06-16 16:27:11,116.8826,116.8826,116.8826,116.8826,EUR/RSD
2025-06-16 16:27:12,116.8826,116.8826,116.8826,116.8826,EUR/RSD
2025-06-16 16:27:13,116.8826,116.8826,116.8826,116.8826,EUR/RSD
2025-06-16 16:27:14,116.8826,116.8826,116.8826,116.8826,EUR/RSD
2025-06-16 16:27:15,116.8826,116.8826,116.8826,116.8826,EUR/RSD
2025-06-16 16:27:16,116.8826,116.8826,116.8826,116.8826,EUR/RSD
2025-06-16 16:27:17,116.8826,116.8826,116.8826,116.8826,EUR/RSD
2025-06-16 16:27:18,116.8826,116.8826,116.8826,116.8826,EUR/RSD
2025-06-16 16:27:19,116.8826,116.8826,116.8826,116.8826,EUR/RSD
2025-06-16 16:27:20,116.8826,116.8826,116.8826,116.8826,EUR/RSD
2025-06-16 16:27:21,116.8826,116.8826,116.8826,116.8826,EUR/RSD
2025-06-16 16:27:22,116.8826,116.8826,116.8826,116.8826,EUR/RSD
2025-06-16 16:27:23,116.8826,116.8826,116.8826,116.8826,EUR/RSD
2025-06-16 16:27:24,116.8826,116.8826,116.8826,116.8826,EUR/RSD
2025-06-16 16:27:25,116.8826,116.8826,116.8826,116.8826,EUR/RSD
2025-06-16 16:27:26,116.8826,116.8826,116.8826,116.8826,EUR/RSD
2025-06-16 16:27:27,116.8826,116.8826,116.8826,116.8826,EUR/RSD
2025-06-16 16:27:28,116.8826,116.8826,116.8826,116.8826,EUR/RSD
2025-06-16 16:27:29,116.8826,116.8826,116.8826,116.8826,EUR/RSD
2025-06-16 16:27:30,116.8826,116.8826,116.8826,116.8826,EUR/RSD
2025-06-16 16:27:31,116.8826,116.8826,116.8826,116.8826,EUR/RSD
2025-06-16 16:27:32,116.8826,116.8826,116.8826,116.8826,EUR/RSD
2025-06-16 16:27:33,116.8826,116.8826,116.8826,116.8826,EUR/RSD
2025-06-16 16:27:34,116.8826,116.8826,116.8826,116.8826,EUR/RSD
2025-06-16 16:27:35,116.8826,116.8826,116.8826,116.8826,EUR/RSD
2025-06-16 16:27:36,116.8826,116.8826,116.8826,116.8826,EUR/RSD
2025-06-16 16:27:37,116.8826,116.8826,116.8826,116.8826,EUR/RSD
2025-06-16 16:27:38,116.8826,116.8826,116.8826,116.8826,EUR/RSD
2025-06-16 16:27:39,116.8826,116.8826,116.8826,116.8826,EUR/RSD
2025-06-16 16:27:40,116.8826,116.8826,116.8826,116.8826,EUR/RSD
2025-06-16 16:27:41,116.8826,116.8826,116.8826,116.8826,EUR/RSD
2025-06-16 16:27:42,116.8826,116.8826,116.8826,116.8826,EUR/RSD
2025-06-16 16:27:43,116.8826,116.8826,116.8826,116.8826,EUR/RSD
2025-06-16 16:27:44,116.8826,116.8826,116.8826,116.8826,EUR/RSD
2025-06-16 16:27:45,116.8826,116.8826,116.8826,116.8826,EUR/RSD
2025-06-16 16:27:46,116.8826,116.8826,116.8826,116.8826,EUR/RSD
2025-06-16 16:27:47,116.8826,116.8826,116.8826,116.8826,EUR/RSD
2025-06-16 16:27:48,116.8826,116.8826,116.8826,116.8826,EUR/RSD
2025-06-16 16:27:49,116.8826,116.8826,116.8826,116.8826,EUR/RSD
2025-06-16 16:27:50,116.8826,116.8826,116.8826,116.8826,EUR/RSD
2025-06-16 16:27:51,116.8826,116.8826,116.8826,116.8826,EUR/RSD
2025-06-16 16:27:52,116.8826,116.8826,116.8826,116.8826,EUR/RSD
2025-06-16 16:27:53,116.8826,116.8826,116.8826,116.8826,EUR/RSD
2025-06-16 16:27:54,116.8826,116.8826,116.8826,116.8826,EUR/RSD
2025-06-16 16:27:55,116.8826,116.8826,116.8826,116.8826,EUR/RSD
2025-06-16 16:27:56,116.8826,116.8826,116.8826,116.8826,EUR/RSD
2025-06-16 16:27:57,116.8826,116.8826,116.8826,116.8826,EUR/RSD
2025-06-16 16:27:58,116.8826,116.8826,116.8826,116.8826,EUR/RSD
2025-06-16 16:27:59,116.8826,116.8826,116.8826,116.8826,EUR/RSD
